{"IcoMoonType":"selection","icons":[{"icon":{"paths":["M804.571 566.857v274.286c0 20-16.571 36.571-36.571 36.571h-219.429v-219.429h-146.286v219.429h-219.429c-20 0-36.571-16.571-36.571-36.571v-274.286c0-1.143 0.571-2.286 0.571-3.429l328.571-270.857 328.571 270.857c0.571 1.143 0.571 2.286 0.571 3.429zM932 527.429l-35.429 42.286c-2.857 3.429-7.429 5.714-12 6.286h-1.714c-4.571 0-8.571-1.143-12-4l-395.429-329.714-395.429 329.714c-4 2.857-8.571 4.571-13.714 4-4.571-0.571-9.143-2.857-12-6.286l-35.429-42.286c-6.286-7.429-5.143-19.429 2.286-25.714l410.857-342.286c24-20 62.857-20 86.857 0l139.429 116.571v-111.429c0-10.286 8-18.286 18.286-18.286h109.714c10.286 0 18.286 8 18.286 18.286v233.143l125.143 104c7.429 6.286 8.571 18.286 2.286 25.714z"],"width":950.8571428571428,"attrs":[],"isMulticolor":false,"isMulticolor2":false,"tags":["home"],"defaultCode":61461,"grid":14},"attrs":[],"properties":{"name":"home","id":24,"order":14,"prevSize":28,"code":61461},"setIdx":0,"setId":2,"iconIdx":24},{"icon":{"paths":["M669.143 172l-303.429 303.429 303.429 303.429c14.286 14.286 14.286 37.143 0 51.429l-94.857 94.857c-14.286 14.286-37.143 14.286-51.429 0l-424-424c-14.286-14.286-14.286-37.143 0-51.429l424-424c14.286-14.286 37.143-14.286 51.429 0l94.857 94.857c14.286 14.286 14.286 37.143 0 51.429z"],"width":768,"attrs":[],"isMulticolor":false,"isMulticolor2":false,"tags":["chevron-left"],"defaultCode":61523,"grid":14},"attrs":[],"properties":{"name":"chevron-left","id":82,"order":12,"prevSize":28,"code":61523},"setIdx":0,"setId":2,"iconIdx":82},{"icon":{"paths":["M632.571 501.143l-424 424c-14.286 14.286-37.143 14.286-51.429 0l-94.857-94.857c-14.286-14.286-14.286-37.143 0-51.429l303.429-303.429-303.429-303.429c-14.286-14.286-14.286-37.143 0-51.429l94.857-94.857c14.286-14.286 37.143-14.286 51.429 0l424 424c14.286 14.286 14.286 37.143 0 51.429z"],"width":694.8571428571428,"attrs":[],"isMulticolor":false,"isMulticolor2":false,"tags":["chevron-right"],"defaultCode":61524,"grid":14},"attrs":[],"properties":{"name":"chevron-right","id":83,"order":11,"prevSize":28,"code":61524},"setIdx":0,"setId":2,"iconIdx":83},{"icon":{"paths":["M961.714 760.571l-94.857 94.286c-14.286 14.286-37.143 14.286-51.429 0l-303.429-303.429-303.429 303.429c-14.286 14.286-37.143 14.286-51.429 0l-94.857-94.286c-14.286-14.286-14.286-37.714 0-52l424-423.429c14.286-14.286 37.143-14.286 51.429 0l424 423.429c14.286 14.286 14.286 37.714 0 52z"],"width":1024,"attrs":[],"isMulticolor":false,"isMulticolor2":false,"tags":["chevron-up"],"defaultCode":61559,"grid":14},"attrs":[],"properties":{"name":"chevron-up","id":113,"order":13,"prevSize":28,"code":61559},"setIdx":0,"setId":2,"iconIdx":113},{"icon":{"paths":["M713.143 73.143c90.857 0 164.571 73.714 164.571 164.571v548.571c0 90.857-73.714 164.571-164.571 164.571h-107.429v-340h113.714l17.143-132.571h-130.857v-84.571c0-38.286 10.286-64 65.714-64l69.714-0.571v-118.286c-12-1.714-53.714-5.143-101.714-5.143-101.143 0-170.857 61.714-170.857 174.857v97.714h-114.286v132.571h114.286v340h-304c-90.857 0-164.571-73.714-164.571-164.571v-548.571c0-90.857 73.714-164.571 164.571-164.571h548.571z"],"width":877.7142857142857,"attrs":[],"isMulticolor":false,"isMulticolor2":false,"tags":["facebook-square"],"defaultCode":61570,"grid":14},"attrs":[],"properties":{"name":"facebook-square","id":123,"order":23,"prevSize":28,"code":61570},"setIdx":0,"setId":2,"iconIdx":123},{"icon":{"paths":["M925.714 233.143c-25.143 36.571-56.571 69.143-92.571 95.429 0.571 8 0.571 16 0.571 24 0 244-185.714 525.143-525.143 525.143-104.571 0-201.714-30.286-283.429-82.857 14.857 1.714 29.143 2.286 44.571 2.286 86.286 0 165.714-29.143 229.143-78.857-81.143-1.714-149.143-54.857-172.571-128 11.429 1.714 22.857 2.857 34.857 2.857 16.571 0 33.143-2.286 48.571-6.286-84.571-17.143-148-91.429-148-181.143v-2.286c24.571 13.714 53.143 22.286 83.429 23.429-49.714-33.143-82.286-89.714-82.286-153.714 0-34.286 9.143-65.714 25.143-93.143 90.857 112 227.429 185.143 380.571 193.143-2.857-13.714-4.571-28-4.571-42.286 0-101.714 82.286-184.571 184.571-184.571 53.143 0 101.143 22.286 134.857 58.286 41.714-8 81.714-23.429 117.143-44.571-13.714 42.857-42.857 78.857-81.143 101.714 37.143-4 73.143-14.286 106.286-28.571z"],"width":950.8571428571428,"attrs":[],"isMulticolor":false,"isMulticolor2":false,"tags":["twitter"],"defaultCode":61593,"grid":14},"attrs":[],"properties":{"name":"twitter","id":145,"order":17,"prevSize":28,"code":61593},"setIdx":0,"setId":2,"iconIdx":145},{"icon":{"paths":["M548 6.857v150.857h-89.714c-70.286 0-83.429 33.714-83.429 82.286v108h167.429l-22.286 169.143h-145.143v433.714h-174.857v-433.714h-145.714v-169.143h145.714v-124.571c0-144.571 88.571-223.429 217.714-223.429 61.714 0 114.857 4.571 130.286 6.857z"],"width":602.2582857142856,"attrs":[],"isMulticolor":false,"isMulticolor2":false,"tags":["facebook","facebook-f"],"defaultCode":61594,"grid":14},"attrs":[],"properties":{"name":"facebook, facebook-f","id":146,"order":20,"prevSize":28,"code":61594},"setIdx":0,"setId":2,"iconIdx":146},{"icon":{"paths":["M519.429 797.143l58.286-58.286c14.286-14.286 14.286-37.143 0-51.429l-175.429-175.429 175.429-175.429c14.286-14.286 14.286-37.143 0-51.429l-58.286-58.286c-14.286-14.286-37.143-14.286-51.429 0l-259.429 259.429c-14.286 14.286-14.286 37.143 0 51.429l259.429 259.429c14.286 14.286 37.143 14.286 51.429 0zM877.714 512c0 242.286-196.571 438.857-438.857 438.857s-438.857-196.571-438.857-438.857 196.571-438.857 438.857-438.857 438.857 196.571 438.857 438.857z"],"width":877.7142857142857,"attrs":[],"isMulticolor":false,"isMulticolor2":false,"tags":["chevron-circle-left"],"defaultCode":61751,"grid":14},"attrs":[],"properties":{"name":"chevron-circle-left","id":278,"order":7,"prevSize":28,"code":61751},"setIdx":0,"setId":2,"iconIdx":278},{"icon":{"paths":["M409.714 797.143l259.429-259.429c14.286-14.286 14.286-37.143 0-51.429l-259.429-259.429c-14.286-14.286-37.143-14.286-51.429 0l-58.286 58.286c-14.286 14.286-14.286 37.143 0 51.429l175.429 175.429-175.429 175.429c-14.286 14.286-14.286 37.143 0 51.429l58.286 58.286c14.286 14.286 37.143 14.286 51.429 0zM877.714 512c0 242.286-196.571 438.857-438.857 438.857s-438.857-196.571-438.857-438.857 196.571-438.857 438.857-438.857 438.857 196.571 438.857 438.857z"],"width":877.7142857142857,"attrs":[],"isMulticolor":false,"isMulticolor2":false,"tags":["chevron-circle-right"],"defaultCode":61752,"grid":14},"attrs":[],"properties":{"name":"chevron-circle-right","id":279,"order":8,"prevSize":28,"code":61752},"setIdx":0,"setId":2,"iconIdx":279},{"icon":{"paths":["M841.143 512c0-181.714-147.429-329.143-329.143-329.143s-329.143 147.429-329.143 329.143 147.429 329.143 329.143 329.143 329.143-147.429 329.143-329.143zM998.857 670.286c-1.714 5.714-6.286 9.714-11.429 11.429l-166.857 54.857v174.857c0 5.714-2.857 11.429-7.429 14.857-5.143 3.429-10.857 4.571-16.571 2.286l-166.857-53.714-102.857 141.714c-3.429 4.571-9.143 7.429-14.857 7.429s-11.429-2.857-14.857-7.429l-102.857-141.714-166.857 53.714c-5.714 2.286-11.429 1.143-16.571-2.286-4.571-3.429-7.429-9.143-7.429-14.857v-174.857l-166.857-54.857c-5.143-1.714-9.714-5.714-11.429-11.429s-1.143-12 2.286-16.571l102.857-141.714-102.857-141.714c-3.429-5.143-4-10.857-2.286-16.571s6.286-9.714 11.429-11.429l166.857-54.857v-174.857c0-5.714 2.857-11.429 7.429-14.857 5.143-3.429 10.857-4.571 16.571-2.286l166.857 53.714 102.857-141.714c6.857-9.143 22.857-9.143 29.714 0l102.857 141.714 166.857-53.714c5.714-2.286 11.429-1.143 16.571 2.286 4.571 3.429 7.429 9.143 7.429 14.857v174.857l166.857 54.857c5.143 1.714 9.714 5.714 11.429 11.429s1.143 11.429-2.286 16.571l-102.857 141.714 102.857 141.714c3.429 4.571 4 10.857 2.286 16.571z"],"width":1024,"attrs":[],"isMulticolor":false,"isMulticolor2":false,"tags":["sun-o"],"defaultCode":61829,"grid":14},"attrs":[],"properties":{"name":"sun-o","id":351,"order":15,"prevSize":28,"code":61829},"setIdx":0,"setId":2,